<?xml version="1.0" encoding="UTF-8"?>
<project-private xmlns="http://www.netbeans.org/ns/project-private/1">
    <editor-bookmarks xmlns="http://www.netbeans.org/ns/editor-bookmarks/2" lastBookmarkId="0"/>
    <open-files xmlns="http://www.netbeans.org/ns/projectui-open-files/2">
        <group name="Exercicios">
            <file>file:/C:/Users/sergi/OneDrive/Documentos/Sérgio%20Iefp/Programas/Java/Aulas_Java_Curso/Exercicios_Concluidos/New%20Folder/Calculadora/src/calculadora/Main.java</file>
            <file>file:/C:/Users/sergi/OneDrive/Documentos/Sérgio%20Iefp/Programas/Java/Aulas_Java_Curso/Exercicios_Concluidos/New%20Folder/Calculadora/src/calculadora/Calculadora.java</file>
        </group>
    </open-files>
</project-private>
